"","date","series_id","value","realtime_start","realtime_end"
"1",1981-09-01,"GS3M",15.61,2021-02-24,2021-02-24
"2",1981-10-01,"GS3M",14.23,2021-02-24,2021-02-24
"3",1981-11-01,"GS3M",11.35,2021-02-24,2021-02-24
"4",1981-12-01,"GS3M",11.32,2021-02-24,2021-02-24
"5",1982-01-01,"GS3M",12.92,2021-02-24,2021-02-24
"6",1982-02-01,"GS3M",14.28,2021-02-24,2021-02-24
"7",1982-03-01,"GS3M",13.31,2021-02-24,2021-02-24
"8",1982-04-01,"GS3M",13.34,2021-02-24,2021-02-24
"9",1982-05-01,"GS3M",12.71,2021-02-24,2021-02-24
"10",1982-06-01,"GS3M",13.08,2021-02-24,2021-02-24
"11",1982-07-01,"GS3M",11.86,2021-02-24,2021-02-24
"12",1982-08-01,"GS3M",9,2021-02-24,2021-02-24
"13",1982-09-01,"GS3M",8.19,2021-02-24,2021-02-24
"14",1982-10-01,"GS3M",7.97,2021-02-24,2021-02-24
"15",1982-11-01,"GS3M",8.35,2021-02-24,2021-02-24
"16",1982-12-01,"GS3M",8.2,2021-02-24,2021-02-24
"17",1983-01-01,"GS3M",8.12,2021-02-24,2021-02-24
"18",1983-02-01,"GS3M",8.39,2021-02-24,2021-02-24
"19",1983-03-01,"GS3M",8.66,2021-02-24,2021-02-24
"20",1983-04-01,"GS3M",8.51,2021-02-24,2021-02-24
"21",1983-05-01,"GS3M",8.5,2021-02-24,2021-02-24
"22",1983-06-01,"GS3M",9.14,2021-02-24,2021-02-24
"23",1983-07-01,"GS3M",9.45,2021-02-24,2021-02-24
"24",1983-08-01,"GS3M",9.74,2021-02-24,2021-02-24
"25",1983-09-01,"GS3M",9.36,2021-02-24,2021-02-24
"26",1983-10-01,"GS3M",8.99,2021-02-24,2021-02-24
"27",1983-11-01,"GS3M",9.11,2021-02-24,2021-02-24
"28",1983-12-01,"GS3M",9.36,2021-02-24,2021-02-24
"29",1984-01-01,"GS3M",9.26,2021-02-24,2021-02-24
"30",1984-02-01,"GS3M",9.46,2021-02-24,2021-02-24
"31",1984-03-01,"GS3M",9.89,2021-02-24,2021-02-24
"32",1984-04-01,"GS3M",10.07,2021-02-24,2021-02-24
"33",1984-05-01,"GS3M",10.22,2021-02-24,2021-02-24
"34",1984-06-01,"GS3M",10.26,2021-02-24,2021-02-24
"35",1984-07-01,"GS3M",10.53,2021-02-24,2021-02-24
"36",1984-08-01,"GS3M",10.9,2021-02-24,2021-02-24
"37",1984-09-01,"GS3M",10.8,2021-02-24,2021-02-24
"38",1984-10-01,"GS3M",10.12,2021-02-24,2021-02-24
"39",1984-11-01,"GS3M",8.92,2021-02-24,2021-02-24
"40",1984-12-01,"GS3M",8.34,2021-02-24,2021-02-24
"41",1985-01-01,"GS3M",8.02,2021-02-24,2021-02-24
"42",1985-02-01,"GS3M",8.56,2021-02-24,2021-02-24
"43",1985-03-01,"GS3M",8.83,2021-02-24,2021-02-24
"44",1985-04-01,"GS3M",8.22,2021-02-24,2021-02-24
"45",1985-05-01,"GS3M",7.73,2021-02-24,2021-02-24
"46",1985-06-01,"GS3M",7.18,2021-02-24,2021-02-24
"47",1985-07-01,"GS3M",7.32,2021-02-24,2021-02-24
"48",1985-08-01,"GS3M",7.37,2021-02-24,2021-02-24
"49",1985-09-01,"GS3M",7.33,2021-02-24,2021-02-24
"50",1985-10-01,"GS3M",7.4,2021-02-24,2021-02-24
"51",1985-11-01,"GS3M",7.48,2021-02-24,2021-02-24
"52",1985-12-01,"GS3M",7.33,2021-02-24,2021-02-24
"53",1986-01-01,"GS3M",7.3,2021-02-24,2021-02-24
"54",1986-02-01,"GS3M",7.29,2021-02-24,2021-02-24
"55",1986-03-01,"GS3M",6.76,2021-02-24,2021-02-24
"56",1986-04-01,"GS3M",6.24,2021-02-24,2021-02-24
"57",1986-05-01,"GS3M",6.33,2021-02-24,2021-02-24
"58",1986-06-01,"GS3M",6.4,2021-02-24,2021-02-24
"59",1986-07-01,"GS3M",6,2021-02-24,2021-02-24
"60",1986-08-01,"GS3M",5.69,2021-02-24,2021-02-24
"61",1986-09-01,"GS3M",5.35,2021-02-24,2021-02-24
"62",1986-10-01,"GS3M",5.32,2021-02-24,2021-02-24
"63",1986-11-01,"GS3M",5.5,2021-02-24,2021-02-24
"64",1986-12-01,"GS3M",5.68,2021-02-24,2021-02-24
"65",1987-01-01,"GS3M",5.58,2021-02-24,2021-02-24
"66",1987-02-01,"GS3M",5.75,2021-02-24,2021-02-24
"67",1987-03-01,"GS3M",5.77,2021-02-24,2021-02-24
"68",1987-04-01,"GS3M",5.82,2021-02-24,2021-02-24
"69",1987-05-01,"GS3M",5.85,2021-02-24,2021-02-24
"70",1987-06-01,"GS3M",5.85,2021-02-24,2021-02-24
"71",1987-07-01,"GS3M",5.88,2021-02-24,2021-02-24
"72",1987-08-01,"GS3M",6.23,2021-02-24,2021-02-24
"73",1987-09-01,"GS3M",6.62,2021-02-24,2021-02-24
"74",1987-10-01,"GS3M",6.35,2021-02-24,2021-02-24
"75",1987-11-01,"GS3M",5.89,2021-02-24,2021-02-24
"76",1987-12-01,"GS3M",5.96,2021-02-24,2021-02-24
"77",1988-01-01,"GS3M",6,2021-02-24,2021-02-24
"78",1988-02-01,"GS3M",5.84,2021-02-24,2021-02-24
"79",1988-03-01,"GS3M",5.87,2021-02-24,2021-02-24
"80",1988-04-01,"GS3M",6.08,2021-02-24,2021-02-24
"81",1988-05-01,"GS3M",6.45,2021-02-24,2021-02-24
"82",1988-06-01,"GS3M",6.66,2021-02-24,2021-02-24
"83",1988-07-01,"GS3M",6.95,2021-02-24,2021-02-24
"84",1988-08-01,"GS3M",7.3,2021-02-24,2021-02-24
"85",1988-09-01,"GS3M",7.48,2021-02-24,2021-02-24
"86",1988-10-01,"GS3M",7.6,2021-02-24,2021-02-24
"87",1988-11-01,"GS3M",8.03,2021-02-24,2021-02-24
"88",1988-12-01,"GS3M",8.35,2021-02-24,2021-02-24
"89",1989-01-01,"GS3M",8.56,2021-02-24,2021-02-24
"90",1989-02-01,"GS3M",8.84,2021-02-24,2021-02-24
"91",1989-03-01,"GS3M",9.14,2021-02-24,2021-02-24
"92",1989-04-01,"GS3M",8.96,2021-02-24,2021-02-24
"93",1989-05-01,"GS3M",8.74,2021-02-24,2021-02-24
"94",1989-06-01,"GS3M",8.43,2021-02-24,2021-02-24
"95",1989-07-01,"GS3M",8.15,2021-02-24,2021-02-24
"96",1989-08-01,"GS3M",8.17,2021-02-24,2021-02-24
"97",1989-09-01,"GS3M",8.01,2021-02-24,2021-02-24
"98",1989-10-01,"GS3M",7.9,2021-02-24,2021-02-24
"99",1989-11-01,"GS3M",7.94,2021-02-24,2021-02-24
"100",1989-12-01,"GS3M",7.88,2021-02-24,2021-02-24
"101",1990-01-01,"GS3M",7.9,2021-02-24,2021-02-24
"102",1990-02-01,"GS3M",8,2021-02-24,2021-02-24
"103",1990-03-01,"GS3M",8.17,2021-02-24,2021-02-24
"104",1990-04-01,"GS3M",8.04,2021-02-24,2021-02-24
"105",1990-05-01,"GS3M",8.01,2021-02-24,2021-02-24
"106",1990-06-01,"GS3M",7.99,2021-02-24,2021-02-24
"107",1990-07-01,"GS3M",7.87,2021-02-24,2021-02-24
"108",1990-08-01,"GS3M",7.69,2021-02-24,2021-02-24
"109",1990-09-01,"GS3M",7.6,2021-02-24,2021-02-24
"110",1990-10-01,"GS3M",7.4,2021-02-24,2021-02-24
"111",1990-11-01,"GS3M",7.29,2021-02-24,2021-02-24
"112",1990-12-01,"GS3M",6.95,2021-02-24,2021-02-24
"113",1991-01-01,"GS3M",6.41,2021-02-24,2021-02-24
"114",1991-02-01,"GS3M",6.12,2021-02-24,2021-02-24
"115",1991-03-01,"GS3M",6.09,2021-02-24,2021-02-24
"116",1991-04-01,"GS3M",5.83,2021-02-24,2021-02-24
"117",1991-05-01,"GS3M",5.63,2021-02-24,2021-02-24
"118",1991-06-01,"GS3M",5.75,2021-02-24,2021-02-24
"119",1991-07-01,"GS3M",5.75,2021-02-24,2021-02-24
"120",1991-08-01,"GS3M",5.5,2021-02-24,2021-02-24
"121",1991-09-01,"GS3M",5.37,2021-02-24,2021-02-24
"122",1991-10-01,"GS3M",5.14,2021-02-24,2021-02-24
"123",1991-11-01,"GS3M",4.69,2021-02-24,2021-02-24
"124",1991-12-01,"GS3M",4.18,2021-02-24,2021-02-24
"125",1992-01-01,"GS3M",3.91,2021-02-24,2021-02-24
"126",1992-02-01,"GS3M",3.95,2021-02-24,2021-02-24
"127",1992-03-01,"GS3M",4.14,2021-02-24,2021-02-24
"128",1992-04-01,"GS3M",3.84,2021-02-24,2021-02-24
"129",1992-05-01,"GS3M",3.72,2021-02-24,2021-02-24
"130",1992-06-01,"GS3M",3.75,2021-02-24,2021-02-24
"131",1992-07-01,"GS3M",3.28,2021-02-24,2021-02-24
"132",1992-08-01,"GS3M",3.2,2021-02-24,2021-02-24
"133",1992-09-01,"GS3M",2.97,2021-02-24,2021-02-24
"134",1992-10-01,"GS3M",2.93,2021-02-24,2021-02-24
"135",1992-11-01,"GS3M",3.21,2021-02-24,2021-02-24
"136",1992-12-01,"GS3M",3.29,2021-02-24,2021-02-24
"137",1993-01-01,"GS3M",3.07,2021-02-24,2021-02-24
"138",1993-02-01,"GS3M",2.99,2021-02-24,2021-02-24
"139",1993-03-01,"GS3M",3.01,2021-02-24,2021-02-24
"140",1993-04-01,"GS3M",2.93,2021-02-24,2021-02-24
"141",1993-05-01,"GS3M",3.03,2021-02-24,2021-02-24
"142",1993-06-01,"GS3M",3.14,2021-02-24,2021-02-24
"143",1993-07-01,"GS3M",3.11,2021-02-24,2021-02-24
"144",1993-08-01,"GS3M",3.09,2021-02-24,2021-02-24
"145",1993-09-01,"GS3M",3.01,2021-02-24,2021-02-24
"146",1993-10-01,"GS3M",3.09,2021-02-24,2021-02-24
"147",1993-11-01,"GS3M",3.18,2021-02-24,2021-02-24
"148",1993-12-01,"GS3M",3.13,2021-02-24,2021-02-24
"149",1994-01-01,"GS3M",3.04,2021-02-24,2021-02-24
"150",1994-02-01,"GS3M",3.33,2021-02-24,2021-02-24
"151",1994-03-01,"GS3M",3.59,2021-02-24,2021-02-24
"152",1994-04-01,"GS3M",3.78,2021-02-24,2021-02-24
"153",1994-05-01,"GS3M",4.27,2021-02-24,2021-02-24
"154",1994-06-01,"GS3M",4.25,2021-02-24,2021-02-24
"155",1994-07-01,"GS3M",4.46,2021-02-24,2021-02-24
"156",1994-08-01,"GS3M",4.61,2021-02-24,2021-02-24
"157",1994-09-01,"GS3M",4.75,2021-02-24,2021-02-24
"158",1994-10-01,"GS3M",5.1,2021-02-24,2021-02-24
"159",1994-11-01,"GS3M",5.45,2021-02-24,2021-02-24
"160",1994-12-01,"GS3M",5.76,2021-02-24,2021-02-24
"161",1995-01-01,"GS3M",5.9,2021-02-24,2021-02-24
"162",1995-02-01,"GS3M",5.94,2021-02-24,2021-02-24
"163",1995-03-01,"GS3M",5.91,2021-02-24,2021-02-24
"164",1995-04-01,"GS3M",5.84,2021-02-24,2021-02-24
"165",1995-05-01,"GS3M",5.85,2021-02-24,2021-02-24
"166",1995-06-01,"GS3M",5.64,2021-02-24,2021-02-24
"167",1995-07-01,"GS3M",5.59,2021-02-24,2021-02-24
"168",1995-08-01,"GS3M",5.57,2021-02-24,2021-02-24
"169",1995-09-01,"GS3M",5.43,2021-02-24,2021-02-24
"170",1995-10-01,"GS3M",5.44,2021-02-24,2021-02-24
"171",1995-11-01,"GS3M",5.52,2021-02-24,2021-02-24
"172",1995-12-01,"GS3M",5.29,2021-02-24,2021-02-24
"173",1996-01-01,"GS3M",5.15,2021-02-24,2021-02-24
"174",1996-02-01,"GS3M",4.96,2021-02-24,2021-02-24
"175",1996-03-01,"GS3M",5.1,2021-02-24,2021-02-24
"176",1996-04-01,"GS3M",5.09,2021-02-24,2021-02-24
"177",1996-05-01,"GS3M",5.15,2021-02-24,2021-02-24
"178",1996-06-01,"GS3M",5.23,2021-02-24,2021-02-24
"179",1996-07-01,"GS3M",5.3,2021-02-24,2021-02-24
"180",1996-08-01,"GS3M",5.19,2021-02-24,2021-02-24
"181",1996-09-01,"GS3M",5.24,2021-02-24,2021-02-24
"182",1996-10-01,"GS3M",5.12,2021-02-24,2021-02-24
"183",1996-11-01,"GS3M",5.17,2021-02-24,2021-02-24
"184",1996-12-01,"GS3M",5.04,2021-02-24,2021-02-24
"185",1997-01-01,"GS3M",5.17,2021-02-24,2021-02-24
"186",1997-02-01,"GS3M",5.14,2021-02-24,2021-02-24
"187",1997-03-01,"GS3M",5.28,2021-02-24,2021-02-24
"188",1997-04-01,"GS3M",5.3,2021-02-24,2021-02-24
"189",1997-05-01,"GS3M",5.2,2021-02-24,2021-02-24
"190",1997-06-01,"GS3M",5.07,2021-02-24,2021-02-24
"191",1997-07-01,"GS3M",5.19,2021-02-24,2021-02-24
"192",1997-08-01,"GS3M",5.28,2021-02-24,2021-02-24
"193",1997-09-01,"GS3M",5.08,2021-02-24,2021-02-24
"194",1997-10-01,"GS3M",5.11,2021-02-24,2021-02-24
"195",1997-11-01,"GS3M",5.28,2021-02-24,2021-02-24
"196",1997-12-01,"GS3M",5.3,2021-02-24,2021-02-24
"197",1998-01-01,"GS3M",5.18,2021-02-24,2021-02-24
"198",1998-02-01,"GS3M",5.23,2021-02-24,2021-02-24
"199",1998-03-01,"GS3M",5.16,2021-02-24,2021-02-24
"200",1998-04-01,"GS3M",5.08,2021-02-24,2021-02-24
"201",1998-05-01,"GS3M",5.14,2021-02-24,2021-02-24
"202",1998-06-01,"GS3M",5.12,2021-02-24,2021-02-24
"203",1998-07-01,"GS3M",5.09,2021-02-24,2021-02-24
"204",1998-08-01,"GS3M",5.04,2021-02-24,2021-02-24
"205",1998-09-01,"GS3M",4.74,2021-02-24,2021-02-24
"206",1998-10-01,"GS3M",4.07,2021-02-24,2021-02-24
"207",1998-11-01,"GS3M",4.53,2021-02-24,2021-02-24
"208",1998-12-01,"GS3M",4.5,2021-02-24,2021-02-24
"209",1999-01-01,"GS3M",4.45,2021-02-24,2021-02-24
"210",1999-02-01,"GS3M",4.56,2021-02-24,2021-02-24
"211",1999-03-01,"GS3M",4.57,2021-02-24,2021-02-24
"212",1999-04-01,"GS3M",4.41,2021-02-24,2021-02-24
"213",1999-05-01,"GS3M",4.63,2021-02-24,2021-02-24
"214",1999-06-01,"GS3M",4.72,2021-02-24,2021-02-24
"215",1999-07-01,"GS3M",4.69,2021-02-24,2021-02-24
"216",1999-08-01,"GS3M",4.87,2021-02-24,2021-02-24
"217",1999-09-01,"GS3M",4.82,2021-02-24,2021-02-24
"218",1999-10-01,"GS3M",5.02,2021-02-24,2021-02-24
"219",1999-11-01,"GS3M",5.23,2021-02-24,2021-02-24
"220",1999-12-01,"GS3M",5.36,2021-02-24,2021-02-24
"221",2000-01-01,"GS3M",5.5,2021-02-24,2021-02-24
"222",2000-02-01,"GS3M",5.73,2021-02-24,2021-02-24
"223",2000-03-01,"GS3M",5.86,2021-02-24,2021-02-24
"224",2000-04-01,"GS3M",5.82,2021-02-24,2021-02-24
"225",2000-05-01,"GS3M",5.99,2021-02-24,2021-02-24
"226",2000-06-01,"GS3M",5.86,2021-02-24,2021-02-24
"227",2000-07-01,"GS3M",6.14,2021-02-24,2021-02-24
"228",2000-08-01,"GS3M",6.28,2021-02-24,2021-02-24
"229",2000-09-01,"GS3M",6.18,2021-02-24,2021-02-24
"230",2000-10-01,"GS3M",6.29,2021-02-24,2021-02-24
"231",2000-11-01,"GS3M",6.36,2021-02-24,2021-02-24
"232",2000-12-01,"GS3M",5.94,2021-02-24,2021-02-24
"233",2001-01-01,"GS3M",5.29,2021-02-24,2021-02-24
"234",2001-02-01,"GS3M",5.01,2021-02-24,2021-02-24
"235",2001-03-01,"GS3M",4.54,2021-02-24,2021-02-24
"236",2001-04-01,"GS3M",3.97,2021-02-24,2021-02-24
"237",2001-05-01,"GS3M",3.7,2021-02-24,2021-02-24
"238",2001-06-01,"GS3M",3.57,2021-02-24,2021-02-24
"239",2001-07-01,"GS3M",3.59,2021-02-24,2021-02-24
"240",2001-08-01,"GS3M",3.44,2021-02-24,2021-02-24
"241",2001-09-01,"GS3M",2.69,2021-02-24,2021-02-24
"242",2001-10-01,"GS3M",2.2,2021-02-24,2021-02-24
"243",2001-11-01,"GS3M",1.91,2021-02-24,2021-02-24
"244",2001-12-01,"GS3M",1.72,2021-02-24,2021-02-24
"245",2002-01-01,"GS3M",1.68,2021-02-24,2021-02-24
"246",2002-02-01,"GS3M",1.76,2021-02-24,2021-02-24
"247",2002-03-01,"GS3M",1.83,2021-02-24,2021-02-24
"248",2002-04-01,"GS3M",1.75,2021-02-24,2021-02-24
"249",2002-05-01,"GS3M",1.76,2021-02-24,2021-02-24
"250",2002-06-01,"GS3M",1.73,2021-02-24,2021-02-24
"251",2002-07-01,"GS3M",1.71,2021-02-24,2021-02-24
"252",2002-08-01,"GS3M",1.65,2021-02-24,2021-02-24
"253",2002-09-01,"GS3M",1.66,2021-02-24,2021-02-24
"254",2002-10-01,"GS3M",1.61,2021-02-24,2021-02-24
"255",2002-11-01,"GS3M",1.25,2021-02-24,2021-02-24
"256",2002-12-01,"GS3M",1.21,2021-02-24,2021-02-24
"257",2003-01-01,"GS3M",1.19,2021-02-24,2021-02-24
"258",2003-02-01,"GS3M",1.19,2021-02-24,2021-02-24
"259",2003-03-01,"GS3M",1.15,2021-02-24,2021-02-24
"260",2003-04-01,"GS3M",1.15,2021-02-24,2021-02-24
"261",2003-05-01,"GS3M",1.09,2021-02-24,2021-02-24
"262",2003-06-01,"GS3M",0.94,2021-02-24,2021-02-24
"263",2003-07-01,"GS3M",0.92,2021-02-24,2021-02-24
"264",2003-08-01,"GS3M",0.97,2021-02-24,2021-02-24
"265",2003-09-01,"GS3M",0.96,2021-02-24,2021-02-24
"266",2003-10-01,"GS3M",0.94,2021-02-24,2021-02-24
"267",2003-11-01,"GS3M",0.95,2021-02-24,2021-02-24
"268",2003-12-01,"GS3M",0.91,2021-02-24,2021-02-24
"269",2004-01-01,"GS3M",0.9,2021-02-24,2021-02-24
"270",2004-02-01,"GS3M",0.94,2021-02-24,2021-02-24
"271",2004-03-01,"GS3M",0.95,2021-02-24,2021-02-24
"272",2004-04-01,"GS3M",0.96,2021-02-24,2021-02-24
"273",2004-05-01,"GS3M",1.04,2021-02-24,2021-02-24
"274",2004-06-01,"GS3M",1.29,2021-02-24,2021-02-24
"275",2004-07-01,"GS3M",1.36,2021-02-24,2021-02-24
"276",2004-08-01,"GS3M",1.5,2021-02-24,2021-02-24
"277",2004-09-01,"GS3M",1.68,2021-02-24,2021-02-24
"278",2004-10-01,"GS3M",1.79,2021-02-24,2021-02-24
"279",2004-11-01,"GS3M",2.11,2021-02-24,2021-02-24
"280",2004-12-01,"GS3M",2.22,2021-02-24,2021-02-24
"281",2005-01-01,"GS3M",2.37,2021-02-24,2021-02-24
"282",2005-02-01,"GS3M",2.58,2021-02-24,2021-02-24
"283",2005-03-01,"GS3M",2.8,2021-02-24,2021-02-24
"284",2005-04-01,"GS3M",2.84,2021-02-24,2021-02-24
"285",2005-05-01,"GS3M",2.9,2021-02-24,2021-02-24
"286",2005-06-01,"GS3M",3.04,2021-02-24,2021-02-24
"287",2005-07-01,"GS3M",3.29,2021-02-24,2021-02-24
"288",2005-08-01,"GS3M",3.52,2021-02-24,2021-02-24
"289",2005-09-01,"GS3M",3.49,2021-02-24,2021-02-24
"290",2005-10-01,"GS3M",3.79,2021-02-24,2021-02-24
"291",2005-11-01,"GS3M",3.97,2021-02-24,2021-02-24
"292",2005-12-01,"GS3M",3.97,2021-02-24,2021-02-24
"293",2006-01-01,"GS3M",4.34,2021-02-24,2021-02-24
"294",2006-02-01,"GS3M",4.54,2021-02-24,2021-02-24
"295",2006-03-01,"GS3M",4.63,2021-02-24,2021-02-24
"296",2006-04-01,"GS3M",4.72,2021-02-24,2021-02-24
"297",2006-05-01,"GS3M",4.84,2021-02-24,2021-02-24
"298",2006-06-01,"GS3M",4.92,2021-02-24,2021-02-24
"299",2006-07-01,"GS3M",5.08,2021-02-24,2021-02-24
"300",2006-08-01,"GS3M",5.09,2021-02-24,2021-02-24
"301",2006-09-01,"GS3M",4.93,2021-02-24,2021-02-24
"302",2006-10-01,"GS3M",5.05,2021-02-24,2021-02-24
"303",2006-11-01,"GS3M",5.07,2021-02-24,2021-02-24
"304",2006-12-01,"GS3M",4.97,2021-02-24,2021-02-24
"305",2007-01-01,"GS3M",5.11,2021-02-24,2021-02-24
"306",2007-02-01,"GS3M",5.16,2021-02-24,2021-02-24
"307",2007-03-01,"GS3M",5.08,2021-02-24,2021-02-24
"308",2007-04-01,"GS3M",5.01,2021-02-24,2021-02-24
"309",2007-05-01,"GS3M",4.87,2021-02-24,2021-02-24
"310",2007-06-01,"GS3M",4.74,2021-02-24,2021-02-24
"311",2007-07-01,"GS3M",4.96,2021-02-24,2021-02-24
"312",2007-08-01,"GS3M",4.32,2021-02-24,2021-02-24
"313",2007-09-01,"GS3M",3.99,2021-02-24,2021-02-24
"314",2007-10-01,"GS3M",4,2021-02-24,2021-02-24
"315",2007-11-01,"GS3M",3.35,2021-02-24,2021-02-24
"316",2007-12-01,"GS3M",3.07,2021-02-24,2021-02-24
"317",2008-01-01,"GS3M",2.82,2021-02-24,2021-02-24
"318",2008-02-01,"GS3M",2.17,2021-02-24,2021-02-24
"319",2008-03-01,"GS3M",1.28,2021-02-24,2021-02-24
"320",2008-04-01,"GS3M",1.31,2021-02-24,2021-02-24
"321",2008-05-01,"GS3M",1.76,2021-02-24,2021-02-24
"322",2008-06-01,"GS3M",1.89,2021-02-24,2021-02-24
"323",2008-07-01,"GS3M",1.66,2021-02-24,2021-02-24
"324",2008-08-01,"GS3M",1.75,2021-02-24,2021-02-24
"325",2008-09-01,"GS3M",1.15,2021-02-24,2021-02-24
"326",2008-10-01,"GS3M",0.69,2021-02-24,2021-02-24
"327",2008-11-01,"GS3M",0.19,2021-02-24,2021-02-24
"328",2008-12-01,"GS3M",0.03,2021-02-24,2021-02-24
"329",2009-01-01,"GS3M",0.13,2021-02-24,2021-02-24
"330",2009-02-01,"GS3M",0.3,2021-02-24,2021-02-24
"331",2009-03-01,"GS3M",0.22,2021-02-24,2021-02-24
"332",2009-04-01,"GS3M",0.16,2021-02-24,2021-02-24
"333",2009-05-01,"GS3M",0.18,2021-02-24,2021-02-24
"334",2009-06-01,"GS3M",0.18,2021-02-24,2021-02-24
"335",2009-07-01,"GS3M",0.18,2021-02-24,2021-02-24
"336",2009-08-01,"GS3M",0.17,2021-02-24,2021-02-24
"337",2009-09-01,"GS3M",0.12,2021-02-24,2021-02-24
"338",2009-10-01,"GS3M",0.07,2021-02-24,2021-02-24
"339",2009-11-01,"GS3M",0.05,2021-02-24,2021-02-24
"340",2009-12-01,"GS3M",0.05,2021-02-24,2021-02-24
"341",2010-01-01,"GS3M",0.06,2021-02-24,2021-02-24
"342",2010-02-01,"GS3M",0.11,2021-02-24,2021-02-24
"343",2010-03-01,"GS3M",0.15,2021-02-24,2021-02-24
"344",2010-04-01,"GS3M",0.16,2021-02-24,2021-02-24
"345",2010-05-01,"GS3M",0.16,2021-02-24,2021-02-24
"346",2010-06-01,"GS3M",0.12,2021-02-24,2021-02-24
"347",2010-07-01,"GS3M",0.16,2021-02-24,2021-02-24
"348",2010-08-01,"GS3M",0.16,2021-02-24,2021-02-24
"349",2010-09-01,"GS3M",0.15,2021-02-24,2021-02-24
"350",2010-10-01,"GS3M",0.13,2021-02-24,2021-02-24
"351",2010-11-01,"GS3M",0.14,2021-02-24,2021-02-24
"352",2010-12-01,"GS3M",0.14,2021-02-24,2021-02-24
"353",2011-01-01,"GS3M",0.15,2021-02-24,2021-02-24
"354",2011-02-01,"GS3M",0.13,2021-02-24,2021-02-24
"355",2011-03-01,"GS3M",0.1,2021-02-24,2021-02-24
"356",2011-04-01,"GS3M",0.06,2021-02-24,2021-02-24
"357",2011-05-01,"GS3M",0.04,2021-02-24,2021-02-24
"358",2011-06-01,"GS3M",0.04,2021-02-24,2021-02-24
"359",2011-07-01,"GS3M",0.04,2021-02-24,2021-02-24
"360",2011-08-01,"GS3M",0.02,2021-02-24,2021-02-24
"361",2011-09-01,"GS3M",0.01,2021-02-24,2021-02-24
"362",2011-10-01,"GS3M",0.02,2021-02-24,2021-02-24
"363",2011-11-01,"GS3M",0.01,2021-02-24,2021-02-24
"364",2011-12-01,"GS3M",0.01,2021-02-24,2021-02-24
"365",2012-01-01,"GS3M",0.03,2021-02-24,2021-02-24
"366",2012-02-01,"GS3M",0.09,2021-02-24,2021-02-24
"367",2012-03-01,"GS3M",0.08,2021-02-24,2021-02-24
"368",2012-04-01,"GS3M",0.08,2021-02-24,2021-02-24
"369",2012-05-01,"GS3M",0.09,2021-02-24,2021-02-24
"370",2012-06-01,"GS3M",0.09,2021-02-24,2021-02-24
"371",2012-07-01,"GS3M",0.1,2021-02-24,2021-02-24
"372",2012-08-01,"GS3M",0.1,2021-02-24,2021-02-24
"373",2012-09-01,"GS3M",0.11,2021-02-24,2021-02-24
"374",2012-10-01,"GS3M",0.1,2021-02-24,2021-02-24
"375",2012-11-01,"GS3M",0.09,2021-02-24,2021-02-24
"376",2012-12-01,"GS3M",0.07,2021-02-24,2021-02-24
"377",2013-01-01,"GS3M",0.07,2021-02-24,2021-02-24
"378",2013-02-01,"GS3M",0.1,2021-02-24,2021-02-24
"379",2013-03-01,"GS3M",0.09,2021-02-24,2021-02-24
"380",2013-04-01,"GS3M",0.06,2021-02-24,2021-02-24
"381",2013-05-01,"GS3M",0.04,2021-02-24,2021-02-24
"382",2013-06-01,"GS3M",0.05,2021-02-24,2021-02-24
"383",2013-07-01,"GS3M",0.04,2021-02-24,2021-02-24
"384",2013-08-01,"GS3M",0.04,2021-02-24,2021-02-24
"385",2013-09-01,"GS3M",0.02,2021-02-24,2021-02-24
"386",2013-10-01,"GS3M",0.05,2021-02-24,2021-02-24
"387",2013-11-01,"GS3M",0.07,2021-02-24,2021-02-24
"388",2013-12-01,"GS3M",0.07,2021-02-24,2021-02-24
"389",2014-01-01,"GS3M",0.04,2021-02-24,2021-02-24
"390",2014-02-01,"GS3M",0.05,2021-02-24,2021-02-24
"391",2014-03-01,"GS3M",0.05,2021-02-24,2021-02-24
"392",2014-04-01,"GS3M",0.03,2021-02-24,2021-02-24
"393",2014-05-01,"GS3M",0.03,2021-02-24,2021-02-24
"394",2014-06-01,"GS3M",0.04,2021-02-24,2021-02-24
"395",2014-07-01,"GS3M",0.03,2021-02-24,2021-02-24
"396",2014-08-01,"GS3M",0.03,2021-02-24,2021-02-24
"397",2014-09-01,"GS3M",0.02,2021-02-24,2021-02-24
"398",2014-10-01,"GS3M",0.02,2021-02-24,2021-02-24
"399",2014-11-01,"GS3M",0.02,2021-02-24,2021-02-24
"400",2014-12-01,"GS3M",0.03,2021-02-24,2021-02-24
"401",2015-01-01,"GS3M",0.03,2021-02-24,2021-02-24
"402",2015-02-01,"GS3M",0.02,2021-02-24,2021-02-24
"403",2015-03-01,"GS3M",0.03,2021-02-24,2021-02-24
"404",2015-04-01,"GS3M",0.02,2021-02-24,2021-02-24
"405",2015-05-01,"GS3M",0.02,2021-02-24,2021-02-24
"406",2015-06-01,"GS3M",0.02,2021-02-24,2021-02-24
"407",2015-07-01,"GS3M",0.03,2021-02-24,2021-02-24
"408",2015-08-01,"GS3M",0.07,2021-02-24,2021-02-24
"409",2015-09-01,"GS3M",0.02,2021-02-24,2021-02-24
"410",2015-10-01,"GS3M",0.02,2021-02-24,2021-02-24
"411",2015-11-01,"GS3M",0.13,2021-02-24,2021-02-24
"412",2015-12-01,"GS3M",0.23,2021-02-24,2021-02-24
"413",2016-01-01,"GS3M",0.26,2021-02-24,2021-02-24
"414",2016-02-01,"GS3M",0.31,2021-02-24,2021-02-24
"415",2016-03-01,"GS3M",0.3,2021-02-24,2021-02-24
"416",2016-04-01,"GS3M",0.23,2021-02-24,2021-02-24
"417",2016-05-01,"GS3M",0.28,2021-02-24,2021-02-24
"418",2016-06-01,"GS3M",0.27,2021-02-24,2021-02-24
"419",2016-07-01,"GS3M",0.3,2021-02-24,2021-02-24
"420",2016-08-01,"GS3M",0.3,2021-02-24,2021-02-24
"421",2016-09-01,"GS3M",0.29,2021-02-24,2021-02-24
"422",2016-10-01,"GS3M",0.33,2021-02-24,2021-02-24
"423",2016-11-01,"GS3M",0.45,2021-02-24,2021-02-24
"424",2016-12-01,"GS3M",0.51,2021-02-24,2021-02-24
"425",2017-01-01,"GS3M",0.52,2021-02-24,2021-02-24
"426",2017-02-01,"GS3M",0.53,2021-02-24,2021-02-24
"427",2017-03-01,"GS3M",0.75,2021-02-24,2021-02-24
"428",2017-04-01,"GS3M",0.81,2021-02-24,2021-02-24
"429",2017-05-01,"GS3M",0.9,2021-02-24,2021-02-24
"430",2017-06-01,"GS3M",1,2021-02-24,2021-02-24
"431",2017-07-01,"GS3M",1.09,2021-02-24,2021-02-24
"432",2017-08-01,"GS3M",1.03,2021-02-24,2021-02-24
"433",2017-09-01,"GS3M",1.05,2021-02-24,2021-02-24
"434",2017-10-01,"GS3M",1.09,2021-02-24,2021-02-24
"435",2017-11-01,"GS3M",1.25,2021-02-24,2021-02-24
"436",2017-12-01,"GS3M",1.34,2021-02-24,2021-02-24
"437",2018-01-01,"GS3M",1.43,2021-02-24,2021-02-24
"438",2018-02-01,"GS3M",1.59,2021-02-24,2021-02-24
"439",2018-03-01,"GS3M",1.73,2021-02-24,2021-02-24
"440",2018-04-01,"GS3M",1.79,2021-02-24,2021-02-24
"441",2018-05-01,"GS3M",1.9,2021-02-24,2021-02-24
"442",2018-06-01,"GS3M",1.94,2021-02-24,2021-02-24
"443",2018-07-01,"GS3M",1.99,2021-02-24,2021-02-24
"444",2018-08-01,"GS3M",2.07,2021-02-24,2021-02-24
"445",2018-09-01,"GS3M",2.17,2021-02-24,2021-02-24
"446",2018-10-01,"GS3M",2.29,2021-02-24,2021-02-24
"447",2018-11-01,"GS3M",2.37,2021-02-24,2021-02-24
"448",2018-12-01,"GS3M",2.41,2021-02-24,2021-02-24
"449",2019-01-01,"GS3M",2.42,2021-02-24,2021-02-24
"450",2019-02-01,"GS3M",2.44,2021-02-24,2021-02-24
"451",2019-03-01,"GS3M",2.45,2021-02-24,2021-02-24
"452",2019-04-01,"GS3M",2.43,2021-02-24,2021-02-24
"453",2019-05-01,"GS3M",2.4,2021-02-24,2021-02-24
"454",2019-06-01,"GS3M",2.22,2021-02-24,2021-02-24
"455",2019-07-01,"GS3M",2.15,2021-02-24,2021-02-24
"456",2019-08-01,"GS3M",1.99,2021-02-24,2021-02-24
"457",2019-09-01,"GS3M",1.93,2021-02-24,2021-02-24
"458",2019-10-01,"GS3M",1.68,2021-02-24,2021-02-24
"459",2019-11-01,"GS3M",1.57,2021-02-24,2021-02-24
"460",2019-12-01,"GS3M",1.57,2021-02-24,2021-02-24
"461",2020-01-01,"GS3M",1.55,2021-02-24,2021-02-24
"462",2020-02-01,"GS3M",1.54,2021-02-24,2021-02-24
"463",2020-03-01,"GS3M",0.3,2021-02-24,2021-02-24
"464",2020-04-01,"GS3M",0.14,2021-02-24,2021-02-24
"465",2020-05-01,"GS3M",0.13,2021-02-24,2021-02-24
"466",2020-06-01,"GS3M",0.16,2021-02-24,2021-02-24
"467",2020-07-01,"GS3M",0.13,2021-02-24,2021-02-24
"468",2020-08-01,"GS3M",0.1,2021-02-24,2021-02-24
"469",2020-09-01,"GS3M",0.11,2021-02-24,2021-02-24
"470",2020-10-01,"GS3M",0.1,2021-02-24,2021-02-24
"471",2020-11-01,"GS3M",0.09,2021-02-24,2021-02-24
"472",2020-12-01,"GS3M",0.09,2021-02-24,2021-02-24
"473",2021-01-01,"GS3M",0.08,2021-02-24,2021-02-24
